[{"model": "english.category", "pk": 1, "fields": {"name": "\u0422\u0435\u0441\u0442\u043e\u0432\u0430\u044f \u043a\u0430\u0442\u0435\u0433\u043e\u0440\u0438\u044f1", "slug": "testovaya-kategoriya1"}}, {"model": "english.languages", "pk": 1, "fields": {"name": "English"}}, {"model": "english.languages", "pk": 2, "fields": {"name": "Germany"}}, {"model": "english.languages", "pk": 3, "fields": {"name": "Spain"}}, {"model": "english.languages", "pk": 4, "fields": {"name": "Italy"}}, {"model": "english.languages", "pk": 5, "fields": {"name": "China"}}, {"model": "english.pricepolicy", "pk": 1, "fields": {"text": "\u0411\u0435\u0441\u043f\u043b\u0430\u0442\u043d\u044b\u0439", "help": "", "css_class": "free"}}, {"model": "english.pricepolicy", "pk": 2, "fields": {"text": "\u0427\u0430\u0441\u0442\u0438\u0447\u043d\u043e \u043f\u043b\u0430\u0442\u043d\u044b\u0439", "help": "", "css_class": ""}}, {"model": "english.pricepolicy", "pk": 3, "fields": {"text": "\u041f\u043b\u0430\u0442\u043d\u044b\u0439", "help": "", "css_class": "not-free"}}, {"model": "english.tag", "pk": 7, "fields": {"name": "\u041e\u0431\u0449\u0435\u043d\u0438\u0435", "slug": "obschenie"}}, {"model": "english.tag", "pk": 8, "fields": {"name": "\u0424\u043e\u0440\u0443\u043c", "slug": "forum"}}, {"model": "english.tag", "pk": 9, "fields": {"name": "\u0413\u0440\u0430\u043c\u043c\u0430\u0442\u0438\u043a\u0430", "slug": "grammatika"}}, {"model": "english.tag", "pk": 10, "fields": {"name": "\u0418\u0433\u0440\u044b", "slug": "igry"}}, {"model": "english.tag", "pk": 11, "fields": {"name": "\u0421\u043b\u043e\u0432\u0430\u0440\u043d\u044b\u0439 \u0417\u0430\u043f\u0430\u0441", "slug": "slovarnyj-zapas"}}, {"model": "english.tag", "pk": 12, "fields": {"name": "\u0412\u0438\u0434\u0435\u043e \u0423\u0440\u043e\u043a", "slug": "video-urok"}}, {"model": "english.tag", "pk": 13, "fields": {"name": "\u041e\u043d\u043b\u0430\u0439\u043d \u041e\u0431\u0443\u0447\u0435\u043d\u0438\u0435", "slug": "onlajn-obuchenie"}}, {"model": "english.tag", "pk": 14, "fields": {"name": "\u041c\u0443\u0437\u044b\u043a\u0430", "slug": "muzyka"}}, {"model": "english.tag", "pk": 15, "fields": {"name": "\u041f\u0435\u0441\u043d\u0438", "slug": "pesni"}}, {"model": "english.tag", "pk": 16, "fields": {"name": "\u0421\u0443\u0431\u0442\u0438\u0442\u0440\u044b", "slug": "subtitry"}}, {"model": "english.tag", "pk": 17, "fields": {"name": "\u041b\u0438\u0442\u0435\u0440\u0430\u0442\u0443\u0440\u0430", "slug": "literatura"}}, {"model": "english.tag", "pk": 18, "fields": {"name": "\u0416\u0443\u0440\u043d\u0430\u043b\u044b", "slug": "zhurnaly"}}, {"model": "english.tag", "pk": 19, "fields": {"name": "\u0414\u043b\u044f \u0414\u0435\u0442\u0435\u0439", "slug": "dlja-detej"}}, {"model": "english.tag", "pk": 20, "fields": {"name": "\u041c\u0443\u043b\u044c\u0442\u0444\u0438\u043b\u044c\u043c\u044b", "slug": "multfilmy"}}, {"model": "english.tag", "pk": 21, "fields": {"name": "\u041d\u043e\u0432\u043e\u0441\u0442\u0438", "slug": "novosti"}}, {"model": "english.tag", "pk": 22, "fields": {"name": "\u0410\u0443\u0434\u0438\u0440\u043e\u0432\u0430\u043d\u0438\u0435", "slug": "audirovanie"}}, {"model": "english.tag", "pk": 23, "fields": {"name": "\u0420\u0430\u0434\u0438\u043e", "slug": "radio"}}, {"model": "english.tag", "pk": 24, "fields": {"name": "\u0410\u0443\u0434\u0438\u043e \u0423\u0440\u043e\u043a\u0438", "slug": "audio-uroki"}}, {"model": "english.site", "pk": 3, "fields": {"link": "https://duolingo.com", "name": "duolingo.com", "description": "\u041b\u0443\u0447\u0448\u0438\u0439 \u0441\u0430\u0439\u0442 \u0434\u043b\u044f \u043d\u0430\u0447\u0438\u043d\u0430\u044e\u0449\u0438\u0445", "price_policy": 1, "is_recommend": true, "image": "english/site_images/Screenshot_at_Jul_25_12-34-28_vIN83Ju.png", "rating": 4, "tags": [7], "categories": [1], "languages": [1]}}, {"model": "english.site", "pk": 4, "fields": {"link": "http://www.real-english.com/", "name": "www.real-english.com", "description": "\u0421\u0430\u0439\u0442 \u0434\u043b\u044f \u0438\u0437\u0443\u0447\u0435\u043d\u0438\u044f \u0440\u0430\u0437\u0433\u043e\u0432\u043e\u0440\u043d\u043e\u0433\u043e \u0430\u043d\u0433\u043b\u0438\u0439\u0441\u043a\u043e\u0433\u043e. \u0417\u0434\u0435\u0441\u044c \u0432\u044b \u043c\u043e\u0436\u0435\u0442\u0435 \u043d\u0430\u0439\u0442\u0438 \u043a\u0443\u0441\u043e\u0447\u043a\u0438 \u0434\u0438\u0430\u043b\u043e\u0433\u043e\u0432 \u0441 \u0440\u0435\u0430\u043b\u044c\u043d\u044b\u043c\u0438 \u043b\u044e\u0434\u044c\u043c\u0438 \u0441 \u0443\u043b\u0438\u0446\u044b.", "price_policy": 1, "is_recommend": false, "image": "", "rating": 5, "tags": [8, 11], "categories": [], "languages": [1]}}, {"model": "english.site", "pk": 5, "fields": {"link": "http://www.thefreedictionary.com", "name": "The Free Dictionary", "description": "\u0421\u043b\u043e\u0432\u0430\u0440\u044c \u0430\u043d\u0433\u043b\u0438\u0439\u0441\u043a\u043e\u0433\u043e \u044f\u0437\u044b\u043a\u0430. \u0421\u0430\u0439\u0442 \u043f\u0440\u0435\u0434\u043e\u0441\u0442\u0430\u0432\u043b\u044f\u0435\u0442 \u0432\u043e\u0437\u043c\u043e\u0436\u043d\u043e\u0441\u0442\u044c \u0438\u0437\u0443\u0447\u0430\u0442\u044c \u0438\u043d\u043e\u0441\u0442\u0440\u0430\u043d\u043d\u044b\u0435 \u044f\u0437\u044b\u043a\u0438 \u043f\u043e\u0441\u0440\u0435\u0434\u0441\u0442\u0432\u043e\u043c \u0438\u0433\u0440, \u0430 \u0442\u0430\u043a\u0436\u0435 \u043e\u0431\u0441\u0443\u0436\u0434\u0430\u0442\u044c \u0438\u043d\u0442\u0435\u0440\u0435\u0441\u043d\u044b\u0435 \u0438\u043b\u0438 \u0441\u043f\u043e\u0440\u043d\u044b\u0435 \u043b\u0438\u043d\u0433\u0432\u0438\u0441\u0442\u0438\u0447\u0435\u0441\u043a\u0438\u0435 \u043c\u043e\u043c\u0435\u043d\u0442\u044b \u043d\u0430 \u0444\u043e\u0440\u0443\u043c\u0435.  \u041f\u0440\u043e\u0439\u0434\u044f \u0440\u0435\u0433\u0438\u0441\u0442\u0440\u0430\u0446\u0438\u044e \u0438 \u0432\u044b\u043f\u043e\u043b\u043d\u044f\u044f \u0438\u0433\u0440\u043e\u0432\u044b\u0435 \u0437\u0430\u0434\u0430\u043d\u0438\u044f \u043d\u0430 The Free Dictionary \u0442\u0430\u043a\u0436\u0435 \u043c\u043e\u0436\u043d\u043e \u043f\u043e\u0434\u0437\u0430\u0440\u0430\u0431\u043e\u0442\u0430\u0442\u044c \u043d\u0435\u043c\u043d\u043e\u0433\u043e \u0434\u0435\u043d\u044c\u0436\u0430\u0442.", "price_policy": 2, "is_recommend": false, "image": "", "rating": 5, "tags": [9, 10, 11], "categories": [], "languages": [1]}}, {"model": "english.site", "pk": 6, "fields": {"link": "http://www.real-english.com/", "name": "Real English", "description": "\u0421\u0430\u0439\u0442 \u0434\u043b\u044f \u0438\u0437\u0443\u0447\u0435\u043d\u0438\u044f \u0440\u0430\u0437\u0433\u043e\u0432\u043e\u0440\u043d\u043e\u0433\u043e \u0430\u043d\u0433\u043b\u0438\u0439\u0441\u043a\u043e\u0433\u043e. \u0417\u0434\u0435\u0441\u044c \u0432\u044b \u043c\u043e\u0436\u0435\u0442\u0435 \u043d\u0430\u0439\u0442\u0438 \u043a\u0443\u0441\u043e\u0447\u043a\u0438 \u0434\u0438\u0430\u043b\u043e\u0433\u043e\u0432 \u0441 \u0440\u0435\u0430\u043b\u044c\u043d\u044b\u043c\u0438 \u043b\u044e\u0434\u044c\u043c\u0438 \u0441 \u0443\u043b\u0438\u0446\u044b.", "price_policy": 2, "is_recommend": false, "image": "", "rating": 5, "tags": [7, 11, 12], "categories": [], "languages": [1]}}, {"model": "english.site", "pk": 7, "fields": {"link": "http://learnit90.ru", "name": "Learn It", "description": "\u0418\u0437\u0443\u0447\u0435\u043d\u0438\u0435 \u0438\u043d\u043e\u0441\u0442\u0440\u0430\u043d\u043d\u043e\u0433\u043e \u044f\u0437\u044b\u043a\u0430 \u0432 \u0433\u0440\u0443\u043f\u043f\u0430\u0445 \u043e\u043d\u043b\u0430\u0439\u043d. \u041f\u043e\u043b\u0443\u0447\u0430\u0439\u0442\u0435 \u0437\u0430\u0434\u0430\u043d\u0438\u044f \u043b\u044e\u0431\u043e\u0439 \u0441\u043b\u043e\u0436\u043d\u043e\u0441\u0442\u0438 \u043a\u0430\u0436\u0434\u044b\u0435 3 \u0434\u043d\u044f \u0438 \u0440\u0430\u0431\u043e\u0442\u0430\u0439\u0442\u0435 \u043d\u0430\u0434 \u0441\u0432\u043e\u0438\u043c \u0430\u043d\u0433\u043b\u0438\u0439\u0441\u043a\u0438\u043c.", "price_policy": 2, "is_recommend": false, "image": "", "rating": 5, "tags": [7, 10, 13], "categories": [], "languages": [1]}}, {"model": "english.site", "pk": 8, "fields": {"link": "http://www.esolcourses.com/topics/learn-english-with-songs.html", "name": "\u0423\u0447\u0438\u043c \u0430\u043d\u0433\u043b\u0438\u0439\u0441\u043a\u0438\u0439 \u043f\u043e \u043f\u0435\u0441\u043d\u044f\u043c", "description": "\u0412\u0435\u0441\u044c\u043c\u0430 \u044d\u0444\u0444\u0435\u043a\u0442\u0438\u0432\u043d\u044b\u0439 \u0441\u043f\u043e\u0441\u043e\u0431 \u0438\u0437\u0443\u0447\u0435\u043d\u0438\u044f \u0440\u0430\u0437\u0433\u043e\u0432\u043e\u0440\u043d\u043e\u0433\u043e \u0430\u043d\u0433\u043b\u0438\u0439\u0441\u043a\u043e\u0433\u043e. \u041f\u0440\u0438 \u044d\u0442\u043e\u043c \u0441\u0443\u0449\u0435\u0441\u0442\u0432\u0435\u043d\u043d\u043e \u0440\u0430\u0437\u0432\u0438\u0432\u0430\u0435\u0442\u0441\u044f \u0441\u043f\u043e\u0441\u043e\u0431\u043d\u043e\u0441\u0442\u044c \u043e\u0441\u0432\u043e\u0435\u043d\u0438\u044f \u044f\u0437\u044b\u043a\u0430 \u043d\u0430 \u0441\u043b\u0443\u0445. \u042f\u0432\u043b\u044f\u0435\u0442\u0441\u044f \u043e\u0442\u043b\u0438\u0447\u043d\u044b\u043c \u0441\u043f\u043e\u0441\u043e\u0431\u043e\u043c \u0441\u043e\u0432\u043c\u0435\u0441\u0442\u0438\u0442\u044c \u0443\u0447\u0435\u0431\u0443 \u0438 \u0440\u0430\u0437\u0432\u043b\u0435\u0447\u0435\u043d\u0438\u0435.", "price_policy": 2, "is_recommend": false, "image": "", "rating": 5, "tags": [10, 14, 15, 16], "categories": [], "languages": [1]}}, {"model": "english.site", "pk": 9, "fields": {"link": "http://readlang.com", "name": "Readlang", "description": "\u041e\u043d\u043b\u0430\u0439\u043d \u0431\u0438\u0431\u043b\u0438\u043e\u0442\u0435\u043a\u0430 \u0430\u043d\u0433\u043b\u043e\u044f\u0437\u044b\u0447\u043d\u044b\u0445 \u0442\u0435\u043a\u0441\u0442\u043e\u0432. \u041f\u0440\u0438 \u043e\u0431\u043d\u0430\u0440\u0443\u0436\u0435\u043d\u0438\u0438 \u043d\u0435\u043f\u043e\u043d\u044f\u0442\u043d\u043e\u0433\u043e \u0441\u043b\u043e\u0432\u0430 \u0438\u043b\u0438 \u0443\u0447\u0430\u0441\u0442\u043a\u0430 \u0442\u0435\u043a\u0441\u0442\u0430, \u0435\u0433\u043e \u043c\u043e\u0436\u043d\u043e \u0432\u044b\u0434\u0435\u043b\u0438\u0442\u044c \u0438 \u0441\u0430\u0439\u0442 \u0430\u0432\u0442\u043e\u043c\u0430\u0442\u0438\u0447\u0435\u0441\u043a\u0438 \u043f\u043e\u043a\u0430\u0436\u0435\u0442 \u043f\u0435\u0440\u0435\u0432\u043e\u0434", "price_policy": 2, "is_recommend": false, "image": "", "rating": 5, "tags": [8, 10, 11, 16], "categories": [], "languages": [1]}}, {"model": "english.site", "pk": 10, "fields": {"link": "https://new.vk.com/stopthepress", "name": "Stop the Press", "description": "\u0413\u0440\u0443\u043f\u043f\u0430 \u0412\u041a\u043e\u043d\u0442\u0430\u043a\u0442\u0435, \u0433\u0434\u0435 \u043a\u0430\u0436\u0434\u044b\u0439 \u0434\u0435\u043d\u044c \u0432\u044b\u043a\u043b\u0430\u0434\u044b\u0432\u0430\u044e\u0442\u0441\u044f \u0430\u043d\u0433\u043b\u0438\u0439\u0441\u043a\u0438\u0435 \u0438 \u0430\u043c\u0435\u0440\u0438\u043a\u0430\u043d\u0441\u043a\u0438\u0435 \u0436\u0443\u0440\u043d\u0430\u043b\u044b \u0432 \u0444\u043e\u0440\u043c\u0430\u0442\u0435 pdf. \u042d\u0442\u043e \u043f\u043e\u043c\u043e\u0436\u0435\u0442 \u0431\u044b\u0442\u044c \u0432 \u043a\u0443\u0440\u0441\u0435 \u0441\u0432\u0435\u0436\u0438\u0445 \u0441\u043e\u0431\u044b\u0442\u0438\u0439 \u0430\u043d\u0433\u043b\u043e\u044f\u0437\u044b\u0447\u043d\u043e\u0433\u043e \u043c\u0438\u0440\u0430.", "price_policy": 2, "is_recommend": false, "image": "", "rating": 5, "tags": [11, 17, 18], "categories": [], "languages": [1]}}, {"model": "english.site", "pk": 11, "fields": {"link": "http://learnenglishkids.britishcouncil.org/en/", "name": "\u0421\u0430\u0439\u0442 \u0431\u0440\u0438\u0442\u0430\u043d\u0441\u043a\u043e\u0433\u043e \u0441\u043e\u0432\u0435\u0442\u0430 \u0434\u043b\u044f \u0434\u0435\u0442\u0435\u0439", "description": "\u0418\u0437\u0443\u0447\u0435\u043d\u0438\u044f \u044f\u0437\u044b\u043a\u0430 \u043f\u043e\u0441\u0440\u0435\u0434\u0441\u0442\u0432\u043e\u043c \u0440\u0430\u0437\u0432\u043b\u0435\u043a\u0430\u0442\u0435\u043b\u044c\u043d\u044b\u0445 \u0438\u0433\u0440 \u0438 \u043c\u0443\u043b\u044c\u0442\u0444\u0438\u043b\u044c\u043c\u043e\u0432.", "price_policy": 2, "is_recommend": false, "image": "", "rating": 5, "tags": [10, 19, 20], "categories": [], "languages": [1]}}, {"model": "english.site", "pk": 12, "fields": {"link": "http://learnenglishteens.britishcouncil.org", "name": "\u0421\u0430\u0439\u0442 \u0431\u0440\u0438\u0442\u0430\u043d\u0441\u043a\u043e\u0433\u043e \u0441\u043e\u0432\u0435\u0442\u0430 \u0434\u043b\u044f \u043f\u043e\u0434\u0440\u043e\u0441\u0442\u043a\u043e\u0432", "description": "\u0420\u0430\u0437\u0432\u043b\u0435\u043a\u0430\u0442\u0435\u043b\u044c\u043d\u044b\u0439 \u043a\u043e\u043d\u0442\u0435\u043d\u0442, \u0432\u0435\u0441\u0435\u043b\u044b\u0435 \u0438 \u0441\u043c\u0435\u0448\u043d\u044b\u0435 \u043d\u043e\u0432\u043e\u0441\u0442\u0438, \u043a\u0430\u0440\u0442\u0438\u043d\u043a\u0438, \u0432\u0438\u0434\u0435\u043e. \u0421\u0430\u0439\u0442 \u044f\u0432\u043b\u044f\u0435\u0442\u0441\u044f \u043f\u0440\u043e\u043e\u0431\u0440\u0430\u0437\u043e\u043c \u0441\u043e\u0446\u0438\u0430\u043b\u044c\u043d\u043e\u0439 \u0441\u0435\u0442\u0438, \u0442\u043e\u043b\u044c\u043a\u043e \u0441 \u0443\u043a\u043b\u043e\u043d\u043e\u043c \u043d\u0430 \u043e\u0431\u0443\u0447\u0435\u043d\u0438\u0435 \u0431\u0440\u0438\u0442\u0430\u043d\u0441\u043a\u043e\u0433\u043e \u0430\u043d\u0433\u043b\u0438\u0439\u0441\u043a\u043e\u0433\u043e \u044f\u0437\u044b\u043a\u0430.", "price_policy": 2, "is_recommend": false, "image": "", "rating": 5, "tags": [10, 11, 12, 13, 14, 16], "categories": [], "languages": [1]}}, {"model": "english.site", "pk": 13, "fields": {"link": "http://learnenglish.britishcouncil.org/en/", "name": "\u0421\u0430\u0439\u0442 \u0431\u0440\u0438\u0442\u0430\u043d\u0441\u043a\u043e\u0433\u043e \u0441\u043e\u0432\u0435\u0442\u0430 \u0434\u043b\u044f \u0432\u0437\u0440\u043e\u0441\u043b\u044b\u0445", "description": "\u041e\u0444\u043e\u0440\u043c\u043b\u0435\u043d\u0438\u0435 \u0441\u0430\u0439\u0442\u0430 \u0432\u044b\u0433\u043b\u044f\u0434\u0438\u0442 \u043a\u0430\u043a \u043d\u043e\u0432\u043e\u0441\u0442\u043d\u043e\u0439 \u0440\u0435\u0441\u0443\u0440\u0441. \u0417\u0434\u0435\u0441\u044c \u043c\u043e\u0436\u043d\u043e \u0443\u0437\u043d\u0430\u0442\u044c \u0441\u0432\u0435\u0436\u0438\u0435 \u0438 \u0430\u0440\u0445\u0438\u0432\u043d\u044b\u0435 \u043d\u043e\u0432\u043e\u0441\u0442\u0438 \u0438\u0437 \u043c\u0438\u0440\u0430 \u0441\u043f\u043e\u0440\u0442\u0430, \u043f\u043e\u043b\u0438\u0442\u0438\u043a\u0438, \u0441\u0432\u0435\u0442\u0441\u043a\u043e\u0439 \u0436\u0438\u0437\u043d\u0438 \u0438 \u043f\u0440\u043e\u0447\u0438\u0445.", "price_policy": 2, "is_recommend": false, "image": "", "rating": 5, "tags": [9, 11, 12, 13, 16, 17, 21], "categories": [], "languages": [1]}}, {"model": "english.site", "pk": 14, "fields": {"link": "http://www.rong-chang.com", "name": "Rong Chang", "description": "\u0420\u0435\u0441\u0443\u0440\u0441 \u0434\u043b\u044f \u043d\u0430\u0447\u0438\u043d\u0430\u044e\u0449\u0438\u0445, \u043e\u0434\u043d\u0430\u043a\u043e \u0438 \u043b\u044e\u0434\u044f\u043c, \u043a\u043e\u0442\u043e\u0440\u044b\u0435 \u0443\u0432\u0435\u0440\u0435\u043d\u043d\u043e \u043e\u0431\u0449\u0430\u044e\u0442\u0441\u044f \u043d\u0430 \u0430\u043d\u0433\u043b\u0438\u0439\u0441\u043a\u043e\u043c \u044f\u0437\u044b\u043a\u0435, \u0431\u0443\u0434\u0435\u0442 \u0438\u043d\u0442\u0435\u0440\u0435\u0441\u043d\u043e. \u041c\u043d\u043e\u0436\u0435\u0441\u0442\u0432\u043e \u043e\u0437\u0432\u0443\u0447\u0435\u043d\u043d\u044b\u0445 \u0432\u0438\u0434\u0435\u043e\u0440\u043e\u043b\u0438\u043a\u043e\u0432, \u043e\u0431\u0443\u0447\u0430\u044e\u0449\u0438\u0435 \u0442\u0435\u043a\u0441\u0442\u044b, \u043f\u043e\u044f\u0441\u043d\u0435\u043d\u0438\u044f \u0438 \u0440\u0435\u043a\u043e\u043c\u0435\u043d\u0434\u0430\u0446\u0438\u0438 \u0441\u0434\u0435\u043b\u0430\u044e\u0442 \u043e\u0431\u0443\u0447\u0435\u043d\u0438\u0435 \u043d\u0435\u043c\u043d\u043e\u0433\u043e \u043f\u0440\u043e\u0449\u0435.", "price_policy": 2, "is_recommend": false, "image": "", "rating": 5, "tags": [9, 10, 11, 22], "categories": [], "languages": [1]}}, {"model": "english.site", "pk": 15, "fields": {"link": "http://easyworldofenglish.com", "name": "Easy World of English", "description": "\u0421\u0430\u0439\u0442 \u0434\u043b\u044f \u043a\u043e\u043c\u043f\u043b\u0435\u043a\u0441\u043d\u043e\u0433\u043e \u0438\u0437\u0443\u0447\u0435\u043d\u0438\u044f \u044f\u0437\u044b\u043a\u0430. \u041f\u0440\u0438\u0441\u0443\u0442\u0441\u0442\u0432\u0443\u044e\u0442 \u0443\u0440\u043e\u043a\u0438 \u043f\u043e \u0433\u0440\u0430\u043c\u043c\u0430\u0442\u0438\u043a\u0435, \u043f\u0440\u043e\u0438\u0437\u043d\u043e\u0448\u0435\u043d\u0438\u044e, \u0430\u0443\u0434\u0438\u0440\u043e\u0432\u0430\u043d\u0438\u044e. \u041e\u0431\u0443\u0447\u0435\u043d\u0438\u0435 \u0440\u0430\u0437\u0434\u0435\u043b\u0435\u043d\u043e \u043d\u0430 3 \u0443\u0440\u043e\u0432\u043d\u0438. \u041a\u0430\u0436\u0434\u043e\u0435 \u0437\u0430\u0434\u0430\u043d\u0438\u0435 \u0441\u043e\u0441\u0442\u043e\u0438\u0442 \u0438\u0437 \u043d\u0435\u0441\u043a\u043e\u043b\u044c\u043a\u0438\u0445 \u043d\u0435\u0431\u043e\u043b\u044c\u0448\u0438\u0445 \u0447\u0430\u0441\u0442\u0435\u0439 \u0434\u043b\u044f \u043b\u0443\u0447\u0448\u0435\u0433\u043e \u0432\u043e\u0441\u043f\u0440\u0438\u044f\u0442\u0438\u044f.", "price_policy": 2, "is_recommend": false, "image": "", "rating": 5, "tags": [7, 8, 9, 10, 11, 12, 13, 16, 22], "categories": [], "languages": [1]}}, {"model": "english.site", "pk": 16, "fields": {"link": "http://www.english-daily.com", "name": "English  Daily", "description": "\u0421\u0430\u0439\u0442 \u0434\u043b\u044f \u0435\u0436\u0435\u0434\u043d\u0435\u0432\u043d\u044b\u0445 \u0437\u0430\u043d\u044f\u0442\u0438\u0439. \u0418\u043c\u0435\u044e\u0442\u0441\u044f \u0440\u0430\u0437\u043b\u0438\u0447\u043d\u044b\u0435 \u043e\u0431\u0443\u0447\u0430\u044e\u0449\u0438\u0435 \u0443\u043f\u0440\u0430\u0436\u043d\u0435\u043d\u0438\u044f, \u0438\u0433\u0440\u044b. \u041f\u0440\u0438\u0441\u0443\u0442\u0441\u0442\u0432\u0443\u0435\u0442 \u0440\u0443\u0431\u0440\u0438\u043a\u0430 \u00ab\u0441\u043b\u043e\u0432\u043e \u0434\u043d\u044f\u00bb.", "price_policy": 2, "is_recommend": false, "image": "", "rating": 5, "tags": [9, 10, 11, 13], "categories": [], "languages": [1]}}, {"model": "english.site", "pk": 17, "fields": {"link": "http://www.fluentu.com", "name": "Fluentu", "description": "\u0421\u0430\u0439\u0442 \u0434\u043b\u044f \u0432\u0438\u0434\u0435\u043e \u043e\u0431\u0443\u0447\u0435\u043d\u0438\u044f \u0430\u043d\u0433\u043b\u0438\u0439\u0441\u043a\u043e\u043c\u0443 \u044f\u0437\u044b\u043a\u0443. \u0412\u0438\u0434\u0435\u043e \u0438\u043c\u0435\u0435\u0442 \u0441\u0443\u0431\u0442\u0438\u0442\u0440\u044b \u043d\u0430 \u0430\u043d\u0433\u043b\u0438\u0439\u0441\u043a\u043e\u043c. \u041f\u0440\u0438 \u043e\u0431\u043d\u0430\u0440\u0443\u0436\u0435\u043d\u0438\u0438 \u043d\u0435\u043f\u043e\u043d\u044f\u0442\u043d\u043e\u0433\u043e \u0441\u043b\u043e\u0432\u0430, \u043d\u0430 \u043d\u0435\u0433\u043e \u043d\u0430\u0432\u043e\u0434\u0438\u0442\u0441\u044f \u043a\u0443\u0440\u0441\u043e\u0440 \u0438 \u043f\u043e\u043a\u0430\u0437\u044b\u0432\u0430\u0435\u0442\u0441\u044f \u0435\u0433\u043e \u043e\u043f\u0440\u0435\u0434\u0435\u043b\u0435\u043d\u0438\u0435.", "price_policy": 2, "is_recommend": false, "image": "", "rating": 5, "tags": [9, 10, 11, 13, 16], "categories": [], "languages": [1]}}, {"model": "english.site", "pk": 18, "fields": {"link": "http://www.busuu.com", "name": "Busuu", "description": "\u041c\u0435\u0436\u0434\u0443\u043d\u0430\u0440\u043e\u0434\u043d\u043e\u0435 \u0438\u043d\u0442\u0435\u0440\u043d\u0435\u0442 \u0441\u043e\u043e\u0431\u0449\u0435\u0441\u0442\u0432\u043e, \u043e\u0445\u0432\u0430\u0442\u044b\u0432\u0430\u044e\u0449\u0435\u0435 \u043d\u0435 \u0442\u043e\u043b\u044c\u043a\u043e \u0438\u0437\u0443\u0447\u0435\u043d\u0438\u0435 \u0430\u043d\u0433\u043b\u0438\u0439\u0441\u043a\u043e\u0433\u043e \u044f\u0437\u044b\u043a\u0430. \u041f\u0440\u0438\u0441\u0443\u0442\u0441\u0442\u0432\u0443\u0435\u0442 \u043f\u043b\u0430\u0442\u043d\u044b\u0439 \u043a\u043e\u043d\u0442\u0435\u043d\u0442.", "price_policy": 2, "is_recommend": false, "image": "", "rating": 5, "tags": [7, 8, 9, 10, 11, 12, 13, 16, 17, 22], "categories": [], "languages": [1, 2, 3, 4]}}, {"model": "english.site", "pk": 19, "fields": {"link": "http://duolingvo.com", "name": "Duolingvo", "description": "\u041e\u0431\u0443\u0447\u0435\u043d\u0438\u0435 \u0432 \u0438\u0433\u0440\u043e\u0432\u043e\u043c \u0441\u0442\u0438\u043b\u0435 \u0434\u043b\u044f \u043b\u044e\u0431\u043e\u0433\u043e \u0443\u0440\u043e\u0432\u043d\u044f \u0437\u043d\u0430\u043d\u0438\u044f \u044f\u0437\u044b\u043a\u0430.", "price_policy": 2, "is_recommend": false, "image": "", "rating": 5, "tags": [10, 11, 13], "categories": [], "languages": [1]}}, {"model": "english.site", "pk": 20, "fields": {"link": "http://www.bbc.co.uk/worldservice/learningenglish/multimedia/pron/", "name": "\u041a\u0443\u0440\u0441\u044b \u043e\u0442 \u0412\u0412\u0421: \u041f\u0440\u043e\u0438\u0437\u043d\u043e\u0448\u0435\u043d\u0438\u0435", "description": "\u0418\u0437\u0443\u0447\u0435\u043d\u0438\u0435 \u044f\u0437\u044b\u043a\u0430 \u043f\u043e\u0441\u0440\u0435\u0434\u0441\u0442\u0432\u043e\u043c \u043f\u0440\u043e\u0441\u043b\u0443\u0448\u0438\u0432\u0430\u043d\u0438\u044f \u043e\u0431\u0440\u044b\u0432\u043a\u043e\u0432 \u0430\u043d\u0433\u043b\u0438\u0439\u0441\u043a\u0438\u0445 \u0440\u0430\u0434\u0438\u043e\u043f\u0435\u0440\u0435\u0434\u0430\u0447 \u0441\u0442\u0443\u0434\u0438\u0438 \u0412\u0412\u0421.", "price_policy": 2, "is_recommend": false, "image": "", "rating": 5, "tags": [11, 21, 23], "categories": [], "languages": [1]}}, {"model": "english.site", "pk": 21, "fields": {"link": "http://www.bbc.co.uk/learningenglish/russian/course/lower-intermediate", "name": "\u041a\u0443\u0440\u0441\u044b \u043e\u0442 \u0412\u0412\u0421: \u0414\u043b\u044f \u0443\u0440\u043e\u0432\u043d\u044f \"\u041d\u0438\u0436\u0435 \u0441\u0440\u0435\u0434\u043d\u0435\u0433\u043e\"", "description": "\u041c\u043d\u043e\u0433\u043e\u043f\u0440\u043e\u0444\u0438\u043b\u044c\u043d\u044b\u0439 \u0440\u0435\u0441\u0443\u0440\u0441 \u0434\u043b\u044f \u0438\u0437\u0443\u0447\u0435\u043d\u0438\u044f \u044f\u0437\u044b\u043a\u0430. \u041f\u0440\u0438\u0441\u0443\u0442\u0441\u0442\u0432\u0443\u0435\u0442 \u043c\u043d\u043e\u0436\u0435\u0441\u0442\u0432\u043e \u0440\u0430\u0437\u0432\u043b\u0435\u043a\u0430\u0442\u0435\u043b\u044c\u043d\u043e\u0433\u043e \u0438 \u043e\u0431\u0443\u0447\u0430\u044e\u0449\u0435\u0433\u043e \u043a\u043e\u043d\u0442\u0435\u043d\u0442\u0430. \u0418\u043d\u0442\u0435\u0440\u0444\u0435\u0439\u0441 \u0443\u043f\u0440\u043e\u0449\u0435\u043d, \u0438\u043c\u0435\u0435\u0442\u0441\u044f \u0440\u0443\u0441\u0441\u043a\u043e\u044f\u0437\u044b\u0447\u043d\u0430\u044f \u043d\u0430\u0432\u0438\u0433\u0430\u0446\u0438\u044f \u0438 \u043f\u043e\u0434\u0434\u0435\u0440\u0436\u043a\u0430.", "price_policy": 2, "is_recommend": false, "image": "", "rating": 5, "tags": [9, 10, 11, 12, 13, 16], "categories": [], "languages": [1]}}, {"model": "english.site", "pk": 22, "fields": {"link": "http://www.bbc.co.uk/learningenglish/", "name": "\u041a\u0443\u0440\u0441\u044b \u043e\u0442 \u0412\u0412\u0421", "description": "\u0413\u0440\u0430\u043c\u043c\u0430\u0442\u0438\u043a\u0430, \u0444\u043e\u043d\u0435\u0442\u0438\u043a\u0430, \u0430\u0443\u0434\u0438\u0440\u043e\u0432\u0430\u043d\u0438\u0435, \u043f\u0440\u043e\u0438\u0437\u043d\u043e\u0448\u0435\u043d\u0438\u0435. \u041f\u0440\u0438 \u0436\u0435\u043b\u0430\u043d\u0438\u0438 \u043c\u043e\u0436\u043d\u043e \u0432\u044b\u0431\u0440\u0430\u0442\u044c \u0432\u0438\u0434 \u0438 \u0441\u0442\u0438\u043b\u044c \u043e\u0431\u0443\u0447\u0435\u043d\u0438\u044f.", "price_policy": 2, "is_recommend": false, "image": "", "rating": 5, "tags": [9, 10, 11, 13, 16, 17], "categories": [], "languages": [1]}}, {"model": "english.site", "pk": 23, "fields": {"link": "http://lang-8.com", "name": "Lang 8", "description": "\u041e\u0431\u0443\u0447\u0435\u043d\u0438\u0435 \u043f\u0440\u043e\u0445\u043e\u0434\u0438\u0442 \u0441\u043b\u0435\u0434\u0443\u044e\u0449\u0438\u043c \u043e\u0431\u0440\u0430\u0437\u043e\u043c: \u0432\u044b \u043f\u0438\u0448\u0435\u0442\u0435 \u043f\u043e\u0441\u0442 \u043e \u0447\u0435\u043c \u043b\u0438\u0431\u043e, \u043d\u043e\u0441\u0438\u0442\u0435\u043b\u0438 \u044f\u0437\u044b\u043a\u0430 \u0447\u0438\u0442\u0430\u044e\u0442 \u0435\u0433\u043e \u0438 \u0434\u0435\u043b\u0430\u044e\u0442 \u043f\u0440\u0430\u0432\u043a\u0438.", "price_policy": 2, "is_recommend": false, "image": "", "rating": 5, "tags": [7, 8, 9, 11, 13, 17], "categories": [], "languages": [1, 2, 3, 4, 5]}}, {"model": "english.site", "pk": 24, "fields": {"link": "http://polyglotclub.com", "name": "\u0420olyglot \u0421lub", "description": "\u0421\u0430\u0439\u0442 \u0434\u043b\u044f \u043f\u043e\u0438\u0441\u043a\u0430 \u0434\u0440\u0443\u0437\u0435\u0439 \u043f\u043e \u043f\u0435\u0440\u0435\u043f\u0438\u0441\u043a\u0435.", "price_policy": 2, "is_recommend": false, "image": "", "rating": 5, "tags": [7, 8, 9, 11, 13], "categories": [], "languages": [1, 2, 3, 4, 5]}}, {"model": "english.site", "pk": 25, "fields": {"link": "https://www.mylanguageexchange.com", "name": "\u041cy language exchange", "description": "\u0421\u0430\u0439\u0442 \u0434\u043b\u044f \u043f\u043e\u0438\u0441\u043a\u0430 \u0434\u0440\u0443\u0437\u0435\u0439 \u043f\u043e \u043f\u0435\u0440\u0435\u043f\u0438\u0441\u043a\u0435.", "price_policy": 2, "is_recommend": false, "image": "", "rating": 5, "tags": [7, 8, 9, 11, 13, 17], "categories": [], "languages": [1, 2, 3, 4, 5]}}, {"model": "english.site", "pk": 26, "fields": {"link": "https://www.interpals.net", "name": "\u0406nterpals", "description": "\u0421\u0430\u0439\u0442 \u0434\u043b\u044f \u043f\u043e\u0438\u0441\u043a\u0430 \u0434\u0440\u0443\u0437\u0435\u0439 \u043f\u043e \u043f\u0435\u0440\u0435\u043f\u0438\u0441\u043a\u0435.", "price_policy": 2, "is_recommend": false, "image": "", "rating": 5, "tags": [7, 8, 9, 11, 13, 17], "categories": [], "languages": [1, 2, 3, 4, 5]}}, {"model": "english.site", "pk": 27, "fields": {"link": "http://www.conversationexchange.com", "name": "\u0421onversation exchange", "description": "\u0421\u0430\u0439\u0442 \u0434\u043b\u044f \u043f\u043e\u0438\u0441\u043a\u0430 \u0434\u0440\u0443\u0437\u0435\u0439 \u043f\u043e \u043f\u0435\u0440\u0435\u043f\u0438\u0441\u043a\u0435.", "price_policy": 2, "is_recommend": false, "image": "", "rating": 5, "tags": [7, 8, 9, 11, 13, 17], "categories": [], "languages": [1, 2, 3, 4, 5]}}, {"model": "english.site", "pk": 28, "fields": {"link": "https://www.gospeaky.com", "name": "Go speaky", "description": "\u0421\u0430\u0439\u0442 \u0434\u043b\u044f \u043f\u043e\u0438\u0441\u043a\u0430 \u0434\u0440\u0443\u0437\u0435\u0439 \u043f\u043e \u043f\u0435\u0440\u0435\u043f\u0438\u0441\u043a\u0435.", "price_policy": 2, "is_recommend": false, "image": "", "rating": 5, "tags": [7, 8, 9, 11, 13, 17], "categories": [], "languages": [1, 2, 3, 4, 5]}}, {"model": "english.site", "pk": 29, "fields": {"link": "https://www.meetup.com", "name": "Meet up", "description": "\u0420\u0435\u0441\u0443\u0440\u0441 \u0434\u043b\u044f \u043e\u0440\u0433\u0430\u043d\u0438\u0437\u0430\u0446\u0438\u0438 \u043d\u0435\u043a\u0440\u0443\u043f\u043d\u044b\u0445 \u0432\u0441\u0442\u0440\u0435\u0447 \u0441 \u0438\u043d\u043e\u0441\u0442\u0440\u0430\u043d\u0446\u0430\u043c\u0438, \u043a\u043e\u0442\u043e\u0440\u044b\u0435 \u043d\u0430\u0445\u043e\u0434\u044f\u0442\u0441\u044f \u0432 \u0432\u0430\u0448\u0435\u043c \u043d\u0430\u0441\u0435\u043b\u0435\u043d\u043d\u043e\u043c \u043f\u0443\u043d\u043a\u0442\u0435.", "price_policy": 2, "is_recommend": false, "image": "", "rating": 5, "tags": [7, 8, 11, 22], "categories": [], "languages": [1, 2, 3, 4, 5]}}, {"model": "english.site", "pk": 30, "fields": {"link": "https://www.verbling.com", "name": "Verbling", "description": "\u0418\u043d\u0442\u0435\u0440\u0430\u043a\u0442\u0438\u0432 \u043e\u0441\u0443\u0449\u0435\u0441\u0442\u0432\u043b\u044f\u0435\u0442\u0441\u044f \u0447\u0435\u0440\u0435\u0437 \u0432\u0438\u0434\u0435\u043e-\u0447\u0430\u0442.", "price_policy": 2, "is_recommend": false, "image": "", "rating": 5, "tags": [7, 8, 11, 12, 13, 22], "categories": [], "languages": [1, 2, 3, 4, 5]}}, {"model": "english.site", "pk": 31, "fields": {"link": "https://www.italki.com", "name": "Italki", "description": "\u0421\u0430\u0439\u0442 \u0434\u043b\u044f \u043e\u0431\u0449\u0435\u043d\u0438\u044f \u0441 \u043d\u043e\u0441\u0438\u0442\u0435\u043b\u044f\u043c\u0438 \u044f\u0437\u044b\u043a\u0430 \u043f\u043e \u0432\u0438\u0434\u0435\u043e \u0441\u0432\u044f\u0437\u0438 \u0438 \u0447\u0435\u0440\u0435\u0437 \u043f\u0435\u0440\u0435\u043f\u0438\u0441\u043a\u0443.", "price_policy": 2, "is_recommend": false, "image": "", "rating": 5, "tags": [7, 8, 11, 12, 13, 22], "categories": [], "languages": [1]}}, {"model": "english.site", "pk": 32, "fields": {"link": "http://www.manythings.org/videos/jenniferesl-lessons/", "name": "Learn English with Jennifer", "description": "\u0412\u0438\u0434\u0435\u043e \u0443\u0440\u043e\u043a\u0438, \u043d\u0430 \u043a\u043e\u0442\u043e\u0440\u044b\u0445 \u0440\u0443\u0441\u0441\u043a\u0430\u044f \u0436\u0435\u043d\u0449\u0438\u043d\u0430 \u0432 \u0442\u0435\u0447\u0435\u043d\u0438\u0438 65 \u0443\u0440\u043e\u043a\u043e\u0432 \u043e\u0431\u0443\u0447\u0430\u0435\u0442\u0441\u044f \u0430\u043d\u0433\u043b\u0438\u0439\u0441\u043a\u043e\u043c\u0443 \u044f\u0437\u044b\u043a\u0443. \u041e\u0442\u043b\u0438\u0447\u043d\u043e \u043f\u043e\u0434\u0445\u043e\u0434\u0438\u0442 \u0434\u043b\u044f \u043d\u043e\u0432\u0438\u0447\u043a\u043e\u0432.", "price_policy": 2, "is_recommend": false, "image": "", "rating": 5, "tags": [9, 10, 11, 12, 13, 16, 22], "categories": [], "languages": [1]}}, {"model": "english.site", "pk": 33, "fields": {"link": "https://ororo.tv/ru", "name": "Ororo.tv", "description": "\u0410\u043d\u0433\u043b\u0438\u0439\u0441\u043a\u0438\u0439 \u0438\u0437\u0443\u0447\u0430\u0435\u0442\u0441\u044f \u043f\u043e\u0441\u0440\u0435\u0434\u0441\u0442\u0432\u043e\u043c \u043f\u0440\u043e\u0441\u043c\u043e\u0442\u0440\u0430 \u0441\u0435\u0440\u0438\u0430\u043b\u043e\u0432 \u0438 \u0444\u0438\u043b\u044c\u043c\u043e\u0432. \u0418\u043c\u0435\u044e\u0442\u0441\u044f \u0440\u0443\u0441\u0441\u043a\u0438\u0435 \u0441\u0443\u0431\u0442\u0438\u0442\u0440\u044b. \u041f\u0435\u0440\u0435\u0432\u043e\u0434 \u043c\u0430\u0448\u0438\u043d\u043d\u044b\u0439 \u0438 \u043f\u043e\u044d\u0442\u043e\u043c\u0443 \u043c\u043e\u0436\u0435\u0442 \u0431\u044b\u0442\u044c \u043d\u0435\u043c\u043d\u043e\u0433\u043e \u043d\u0435\u0430\u0434\u0435\u043a\u0432\u0430\u0442\u043d\u044b\u043c.", "price_policy": 2, "is_recommend": false, "image": "", "rating": 5, "tags": [11, 12, 13, 16, 19, 20, 22], "categories": [], "languages": [1]}}, {"model": "english.site", "pk": 34, "fields": {"link": "http://www.tv411.org", "name": "TV411", "description": "\u0412\u0438\u0434\u0435\u043e\u0437\u0430\u043f\u0438\u0441\u0438 \u0441 \u043d\u043e\u0441\u0438\u0442\u0435\u043b\u044f\u043c\u0438 \u0430\u043d\u0433\u043b\u0438\u0439\u0441\u043a\u043e\u0433\u043e \u044f\u0437\u044b\u043a\u0430, \u043d\u0430 \u043a\u043e\u0442\u043e\u0440\u044b\u0445 \u043e\u043d\u0438 \u043e\u0442\u0432\u0435\u0447\u0430\u044e\u0442 \u043d\u0430 \u0440\u0430\u0437\u043b\u0438\u0447\u043d\u044b\u0435 \u043f\u043e\u0432\u0441\u0435\u0434\u043d\u0435\u0432\u043d\u044b\u0435 \u0432\u043e\u043f\u0440\u043e\u0441\u044b.", "price_policy": 2, "is_recommend": false, "image": "", "rating": 5, "tags": [10, 11, 12, 13, 16, 22], "categories": [], "languages": [1]}}, {"model": "english.site", "pk": 35, "fields": {"link": "http://www.gcflearnfree.org/topics/everydaylife/", "name": "GCF Learn Free", "description": "\u0412\u0438\u0434\u0435\u043e\u0438\u043d\u0441\u0442\u0440\u0443\u043a\u0442\u043e\u0440 \u0434\u043b\u044f \u043f\u043e\u0432\u0441\u0435\u0434\u043d\u0435\u0432\u043d\u043e\u0439 \u0436\u0438\u0437\u043d\u0438.", "price_policy": 2, "is_recommend": false, "image": "", "rating": 5, "tags": [10, 11, 12, 13, 16, 22], "categories": [], "languages": [1]}}, {"model": "english.site", "pk": 36, "fields": {"link": "http://www.esl-lab.com/index.htm", "name": "Esl-lab", "description": "\u041d\u0430\u0447\u0438\u0442\u0430\u043d\u043d\u044b\u0435 \u0442\u0435\u043a\u0441\u0442\u044b \u0434\u043b\u044f \u043f\u0440\u043e\u0441\u043b\u0443\u0448\u0438\u0432\u0430\u043d\u0438\u044f. \u0422\u0440\u0438 \u0443\u0440\u043e\u0432\u043d\u044f \u0441\u043b\u043e\u0436\u043d\u043e\u0441\u0442\u0438. \u041e\u0442\u043b\u0438\u0447\u043d\u043e \u043f\u043e\u0434\u0445\u043e\u0434\u044f\u0442 \u0434\u043b\u044f \u043d\u0430\u0447\u0438\u043d\u0430\u044e\u0449\u0438\u0445.", "price_policy": 2, "is_recommend": false, "image": "", "rating": 5, "tags": [11, 22, 24], "categories": [], "languages": [1]}}, {"model": "english.site", "pk": 37, "fields": {"link": "http://deepenglish.com/blog/", "name": "Deep English", "description": "\u041d\u0430\u0447\u0438\u0442\u0430\u043d\u043d\u044b\u0435 \u0442\u0435\u043a\u0441\u0442\u044b \u0434\u043b\u044f \u043f\u0440\u043e\u0441\u043b\u0443\u0448\u0438\u0432\u0430\u043d\u0438\u044f. \u0422\u0440\u0438 \u0443\u0440\u043e\u0432\u043d\u044f \u0441\u043b\u043e\u0436\u043d\u043e\u0441\u0442\u0438. \u041e\u0442\u043b\u0438\u0447\u043d\u043e \u043f\u043e\u0434\u0445\u043e\u0434\u044f\u0442 \u0434\u043b\u044f \u043d\u0430\u0447\u0438\u043d\u0430\u044e\u0449\u0438\u0445.", "price_policy": 2, "is_recommend": false, "image": "", "rating": 5, "tags": [11, 22, 24], "categories": [], "languages": [1]}}, {"model": "english.site", "pk": 38, "fields": {"link": "https://librivox.org", "name": "Librivox", "description": "\u0411\u0438\u0431\u043b\u0438\u043e\u0442\u0435\u043a\u0430 \u0430\u0443\u0434\u0438\u043e\u043a\u043d\u0438\u0433 \u043d\u0430 \u0430\u043d\u0433\u043b\u0438\u0439\u0441\u043a\u043e\u043c.", "price_policy": 2, "is_recommend": false, "image": "", "rating": 5, "tags": [11, 13, 22, 24], "categories": [], "languages": [1]}}, {"model": "english.site", "pk": 39, "fields": {"link": "http://tunein.com/search/?query=london", "name": "Tune In", "description": "\u0417\u0434\u0435\u0441\u044c \u0438\u043c\u0435\u0435\u0442\u0441\u044f \u043c\u043d\u043e\u0436\u0435\u0441\u0442\u0432\u043e \u0430\u0443\u0434\u0438\u043e\u043a\u043d\u0438\u0433, \u0430\u043d\u0433\u043b\u0438\u0439\u0441\u043a\u0438\u0445 \u0440\u0430\u0434\u0438\u043e\u0441\u0442\u0430\u043d\u0446\u0438\u0439, \u043e\u0431\u0443\u0447\u0430\u044e\u0449\u0438\u0445 \u043f\u0440\u043e\u0433\u0440\u0430\u043c\u043c. \u041f\u043e\u0434\u0445\u043e\u0434\u0438\u0442 \u0434\u043b\u044f \u043b\u044e\u0431\u043e\u0433\u043e \u0443\u0440\u043e\u0432\u043d\u044f \u0437\u043d\u0430\u043d\u0438\u044f \u0430\u043d\u0433\u043b\u0438\u0439\u0441\u043a\u043e\u0433\u043e \u044f\u0437\u044b\u043a\u0430.", "price_policy": 2, "is_recommend": false, "image": "", "rating": 5, "tags": [11, 13, 14, 22, 24], "categories": [], "languages": [1]}}, {"model": "english.site", "pk": 40, "fields": {"link": "http://www.storylineonline.net", "name": "Story Online", "description": "\u0414\u0435\u0442\u0441\u043a\u0438\u0435 \u0430\u0443\u0434\u0438\u043e\u043a\u043d\u0438\u0433\u0438 \u0434\u043b\u044f \u043c\u043b\u0430\u0434\u0448\u0435\u0433\u043e \u0438 \u0441\u0440\u0435\u0434\u043d\u0435\u0433\u043e \u0448\u043a\u043e\u043b\u044c\u043d\u043e\u0433\u043e \u0432\u043e\u0437\u0440\u0430\u0441\u0442\u0430.", "price_policy": 2, "is_recommend": false, "image": "", "rating": 5, "tags": [11, 13, 19, 22, 23, 24], "categories": [], "languages": [1]}}, {"model": "english.site", "pk": 41, "fields": {"link": "http://www.manythings.org/videos/tom/", "name": "\u041f\u043e\u0432\u0442\u043e\u0440\u044f\u0435\u043c \u0437\u0430 \u0422\u043e\u043c\u043e\u043c", "description": "\u0418\u0441\u043f\u043e\u043b\u043d\u0438\u0442\u0435\u043b\u044c \u0437\u0430\u0447\u0438\u0442\u044b\u0432\u0430\u0435\u0442 \u043f\u0440\u0435\u0434\u043b\u043e\u0436\u0435\u043d\u0438\u044f, \u043a\u043e\u0442\u043e\u0440\u044b\u0435 \u043d\u0435\u043e\u0431\u0445\u043e\u0434\u0438\u043c\u043e \u043f\u043e\u0432\u0442\u043e\u0440\u0438\u0442\u044c. \u041e\u0442\u043b\u0438\u0447\u043d\u043e \u043f\u043e\u0434\u0445\u043e\u0434\u0438\u0442 \u0434\u043b\u044f \u0442\u0435\u0445, \u043a\u0442\u043e \u043d\u0435\u0434\u0430\u0432\u043d\u043e \u043d\u0430\u0447\u0430\u043b \u0438\u0437\u0443\u0447\u0430\u0442\u044c \u0430\u043d\u0433\u043b\u0438\u0439\u0441\u043a\u0438\u0439 \u044f\u0437\u044b\u043a.", "price_policy": 2, "is_recommend": false, "image": "", "rating": 5, "tags": [10, 11, 12, 13, 22, 24], "categories": [], "languages": [1]}}, {"model": "english.site", "pk": 42, "fields": {"link": "http://www.manythings.org/lar/", "name": "\u0415\u0436\u0435\u0434\u043d\u0435\u0432\u043d\u0430\u044f \u043f\u0440\u0430\u043a\u0442\u0438\u043a\u0430 \u043f\u0440\u043e\u0438\u0437\u043d\u043e\u0448\u0435\u043d\u0438\u044f", "description": "\u041f\u0440\u043e\u0438\u0437\u043d\u043e\u0448\u0435\u043d\u0438\u0435 \u0430\u043c\u0435\u0440\u0438\u043a\u0430\u043d\u0441\u043a\u043e\u0433\u043e \u0430\u043d\u0433\u043b\u0438\u0439\u0441\u043a\u043e\u0433\u043e \u044f\u0437\u044b\u043a\u0430 \u0441 \u0432\u043e\u0437\u043c\u043e\u0436\u043d\u043e\u0441\u0442\u044c\u044e \u0438\u0437\u043c\u0435\u043d\u044f\u0442\u044c \u0441\u043a\u043e\u0440\u043e\u0441\u0442\u044c \u0432\u043e\u0441\u043f\u0440\u043e\u0438\u0437\u0432\u0435\u0434\u0435\u043d\u0438\u044f.", "price_policy": 2, "is_recommend": false, "image": "", "rating": 5, "tags": [9, 10, 11, 12, 13, 16, 22, 24], "categories": [], "languages": [1]}}, {"model": "english.site", "pk": 43, "fields": {"link": "http://www.singsnap.com", "name": "\u041e\u043d\u043b\u0430\u0439\u043d \u043a\u0430\u0440\u0430\u043e\u043a\u0435 \u0441\u043e\u043e\u0431\u0449\u0435\u0441\u0442\u0432\u043e", "description": "\u0417\u0434\u0435\u0441\u044c \u0438 \u0442\u0430\u043a \u0432\u0441\u0435 \u043f\u043e\u043d\u044f\u0442\u043d\u043e.", "price_policy": 2, "is_recommend": false, "image": "", "rating": 5, "tags": [10, 11, 12, 13, 14, 15, 16, 22, 24], "categories": [], "languages": [1, 2, 3, 4, 5]}}, {"model": "english.site", "pk": 44, "fields": {"link": "http://www.manythings.org/repeat/", "name": "Listen and Repeat Podcast", "description": "\u0418\u0437\u0443\u0447\u0435\u043d\u0438\u0435 \u043d\u0435\u043f\u0440\u0430\u0432\u0438\u043b\u044c\u043d\u044b\u0445 \u0433\u043b\u0430\u0433\u043e\u043b\u043e\u0432. \u0414\u043b\u044f \u043b\u0443\u0447\u0448\u0435\u0433\u043e \u043e\u0441\u0432\u0430\u0438\u0432\u0430\u043d\u0438\u044f \u0442\u0435\u043a\u0441\u0442 \u043d\u0430\u0447\u0438\u0442\u044b\u0432\u0430\u0435\u0442\u0441\u044f \u0440\u0430\u0437\u043d\u044b\u043c\u0438 \u0433\u043e\u043b\u043e\u0441\u0430\u043c\u0438.", "price_policy": 2, "is_recommend": false, "image": "", "rating": 5, "tags": [10, 11, 12, 13, 16, 22, 24], "categories": [], "languages": [1]}}, {"model": "english.site", "pk": 45, "fields": {"link": "https://www.grammarly.com/", "name": "Grammarly", "description": "\u0427\u0430\u0449\u0435 \u0432\u0441\u0435\u0433\u043e, \u0441\u0430\u0439\u0442 \u0438\u0441\u043f\u043e\u043b\u044c\u0437\u0443\u0435\u0442\u0441\u044f \u043a\u043e\u043f\u0438\u0440\u0430\u0439\u0442\u0435\u0440\u0430\u043c\u0438 \u0434\u043b\u044f \u043f\u0440\u043e\u0432\u0435\u0440\u043a\u0438 \u0442\u0435\u043a\u0441\u0442\u0430 \u043d\u0430 \u0433\u0440\u0430\u043c\u043c\u0430\u0442\u0438\u0447\u0435\u0441\u043a\u0438\u0435 \u043e\u0448\u0438\u0431\u043a\u0438. \u041f\u0440\u043e\u0432\u0435\u0440\u043a\u0430 \u043f\u043b\u0430\u0442\u043d\u0430\u044f.", "price_policy": 3, "is_recommend": false, "image": "", "rating": 5, "tags": [9, 11, 17], "categories": [], "languages": [1]}}, {"model": "english.site", "pk": 46, "fields": {"link": "http://www.hangman.no", "name": "\u0412\u0438\u0441\u0435\u043b\u0438\u0446\u0430", "description": "\u0418\u0433\u0440\u0430. \u041f\u0440\u0435\u0434\u043b\u0430\u0433\u0430\u0435\u0442\u0441\u044f \u0443\u0433\u0430\u0434\u0430\u0442\u044c \u0441\u043b\u043e\u0432\u043e \u0438\u0437 \u043f\u0440\u0435\u0434\u043e\u0441\u0442\u0430\u0432\u043b\u0435\u043d\u043d\u044b\u0445 \u0431\u0443\u043a\u0432.", "price_policy": 1, "is_recommend": false, "image": "", "rating": 5, "tags": [9, 10, 11, 13], "categories": [], "languages": [1]}}, {"model": "english.site", "pk": 47, "fields": {"link": "http://www.idiomsite.com/", "name": "\u0421\u0430\u0439\u0442 \u0441 \u0438\u0434\u0438\u043e\u043c\u0430\u043c\u0438", "description": "\u041f\u043e\u043f\u0443\u043b\u044f\u0440\u043d\u044b\u0435 \u0432\u044b\u0440\u0430\u0436\u0435\u043d\u0438\u044f, \u0430 \u0442\u0430\u043a\u0436\u0435 \u0430\u043d\u0433\u043b\u0438\u0439\u0441\u043a\u0438\u0435 \u0438 \u0430\u043c\u0435\u0440\u0438\u043a\u0430\u043d\u0441\u043a\u0438\u0439 \u0441\u043b\u0435\u043d\u0433.", "price_policy": 2, "is_recommend": false, "image": "", "rating": 5, "tags": [9, 10, 11, 13], "categories": [], "languages": [1]}}, {"model": "english.site", "pk": 48, "fields": {"link": "https://www.dailypage.co", "name": "Daily Page", "description": "\u0421\u0430\u0439\u0442 \u0434\u043b\u044f \u0440\u0430\u0437\u0432\u0438\u0442\u0438\u044f \u043d\u0430\u0432\u044b\u043a\u043e\u0432 \u043f\u0438\u0441\u044c\u043c\u0430. \u0420\u0435\u0441\u0443\u0440\u0441 \u043f\u0435\u0440\u0438\u043e\u0434\u0438\u0447\u0435\u0441\u043a\u0438 \u0432\u044b\u0434\u0430\u0435\u0442 \u0437\u0430\u0434\u0430\u043d\u0438\u0435 \u0434\u043b\u044f \u043a\u043e\u0440\u043e\u0442\u043a\u043e\u0433\u043e \u044d\u0441\u0441\u0435 \u043d\u0430 \u0440\u0430\u0437\u043b\u0438\u0447\u043d\u044b\u0435 \u0442\u0435\u043c\u044b.", "price_policy": 2, "is_recommend": false, "image": "", "rating": 5, "tags": [9, 10, 11, 17], "categories": [], "languages": [1]}}, {"model": "english.site", "pk": 49, "fields": {"link": "http://crazylink.ru", "name": "Crazy link", "description": "\u041f\u0435\u0440\u0432\u044b\u043c \u0434\u0435\u043b\u043e\u043c \u043f\u0440\u043e\u0432\u043e\u0434\u0438\u0442\u0441\u044f \u043e\u0442\u0440\u0430\u0431\u043e\u0442\u043a\u0430 \u0441\u043b\u043e\u0432, \u043a\u043e\u0442\u043e\u0440\u044b\u0435 \u0432\u0430\u043c \u043d\u0435 \u0437\u043d\u0430\u043a\u043e\u043c\u044b, \u0430 \u0442\u043e\u043b\u044c\u043a\u043e \u043f\u043e\u0442\u043e\u043c \u0442\u0435\u043a\u0441\u0442 \u0447\u0438\u0442\u0430\u0435\u0442\u0441\u044f \u043f\u043e\u043b\u043d\u043e\u0441\u0442\u044c\u044e \u0438\u043b\u0438 \u043f\u0440\u043e\u0441\u043b\u0443\u0448\u0438\u0432\u0430\u0435\u0442\u0441\u044f.", "price_policy": 2, "is_recommend": false, "image": "", "rating": 5, "tags": [9, 10, 11, 17], "categories": [], "languages": [1, 2]}}, {"model": "english.site", "pk": 50, "fields": {"link": "http://breakingnewsenglish.com", "name": "Breaking News English", "description": "\u041f\u0440\u043e\u0441\u043c\u043e\u0442\u0440 \u043d\u043e\u0432\u043e\u0441\u0442\u0435\u0439. \u041f\u0440\u0435\u0434\u043e\u0441\u0442\u0430\u0432\u043b\u0435\u043d\u043e 4 \u0443\u0440\u043e\u0432\u043d\u044f \u0432\u043b\u0430\u0434\u0435\u043d\u0438\u044f \u0430\u043d\u0433\u043b\u0438\u0439\u0441\u043a\u043e\u0433\u043e, \u0438\u043c\u0435\u044e\u0442\u0441\u044f \u0432\u0438\u0434\u0435\u043e \u043f\u0435\u0440\u0435\u0432\u043e\u0434\u044b, \u043e\u0444\u043e\u0440\u043c\u043b\u0435\u043d\u0438\u044f \u0438 \u043a\u043e\u043c\u043c\u0435\u043d\u0442\u0430\u0440\u0438\u0438.", "price_policy": 2, "is_recommend": false, "image": "", "rating": 5, "tags": [9, 10, 11, 12, 13, 16, 22, 24], "categories": [], "languages": [1]}}, {"model": "english.site", "pk": 51, "fields": {"link": "http://www.newsinlevels.com", "name": "News in Levels", "description": "\u041f\u0440\u043e\u0441\u043c\u043e\u0442\u0440 \u043d\u043e\u0432\u043e\u0441\u0442\u0435\u0439. \u041f\u0440\u0435\u0434\u043e\u0441\u0442\u0430\u0432\u043b\u0435\u043d\u043e 4 \u0443\u0440\u043e\u0432\u043d\u044f \u0432\u043b\u0430\u0434\u0435\u043d\u0438\u044f \u0430\u043d\u0433\u043b\u0438\u0439\u0441\u043a\u043e\u0433\u043e, \u0438\u043c\u0435\u044e\u0442\u0441\u044f \u0432\u0438\u0434\u0435\u043e \u043f\u0435\u0440\u0435\u0432\u043e\u0434\u044b, \u043e\u0444\u043e\u0440\u043c\u043b\u0435\u043d\u0438\u044f \u0438 \u043a\u043e\u043c\u043c\u0435\u043d\u0442\u0430\u0440\u0438\u0438.", "price_policy": 2, "is_recommend": false, "image": "", "rating": 5, "tags": [9, 10, 11, 12, 13, 16, 17, 22, 24], "categories": [], "languages": [1]}}, {"model": "english.site", "pk": 52, "fields": {"link": "http://www.usingenglish.com/quizzes/", "name": "ESL Grammar Quizzes", "description": "\u0422\u0435\u0441\u0442\u044b \u043d\u0430 \u043f\u0440\u043e\u0432\u0435\u0440\u043a\u0443 \u0433\u0440\u0430\u043c\u043c\u0430\u0442\u0438\u043a\u0438, \u043a\u043e\u043b\u0438\u0447\u0435\u0441\u0442\u0432\u0430 \u0432\u044b\u0443\u0447\u0435\u043d\u043d\u044b\u0445 \u0441\u043b\u043e\u0432, \u0441\u043b\u0435\u043d\u0433\u0430 \u0438 \u043f\u0440\u043e\u0447\u0435\u0433\u043e", "price_policy": 2, "is_recommend": false, "image": "", "rating": 5, "tags": [9, 11, 17], "categories": [], "languages": [1]}}, {"model": "english.site", "pk": 53, "fields": {"link": "http://www.english-test.net", "name": "English Test", "description": "\u0422\u0435\u0441\u0442\u044b \u043d\u0430 \u043f\u0440\u043e\u0432\u0435\u0440\u043a\u0443 \u0433\u0440\u0430\u043c\u043c\u0430\u0442\u0438\u043a\u0438, \u043a\u043e\u043b\u0438\u0447\u0435\u0441\u0442\u0432\u0430 \u0432\u044b\u0443\u0447\u0435\u043d\u043d\u044b\u0445 \u0441\u043b\u043e\u0432, \u0441\u043b\u0435\u043d\u0433\u0430 \u0438 \u043f\u0440\u043e\u0447\u0435\u0433\u043e.", "price_policy": 2, "is_recommend": false, "image": "", "rating": 5, "tags": [9, 11, 13, 17], "categories": [], "languages": [1]}}, {"model": "english.site", "pk": 54, "fields": {"link": "http://www.nonstopenglish.com", "name": "Non-Stop English", "description": "\u0422\u0435\u0441\u0442\u044b \u043d\u0430 \u043f\u0440\u043e\u0432\u0435\u0440\u043a\u0443 \u0433\u0440\u0430\u043c\u043c\u0430\u0442\u0438\u043a\u0438, \u043a\u043e\u043b\u0438\u0447\u0435\u0441\u0442\u0432\u0430 \u0432\u044b\u0443\u0447\u0435\u043d\u043d\u044b\u0445 \u0441\u043b\u043e\u0432, \u0441\u043b\u0435\u043d\u0433\u0430 \u0438 \u043f\u0440\u043e\u0447\u0435\u0433\u043e.", "price_policy": 2, "is_recommend": false, "image": "", "rating": 5, "tags": [9, 11, 17], "categories": [], "languages": [1]}}, {"model": "english.site", "pk": 55, "fields": {"link": "http://www.multitran.ru", "name": "Multitran", "description": "\u041e\u0431\u044a\u0435\u043c\u043d\u044b\u0439 \u0441\u043b\u043e\u0432\u0430\u0440\u044c. \u041f\u0440\u0438\u0441\u0443\u0442\u0441\u0442\u0432\u0443\u0435\u0442 \u043f\u0435\u0440\u0435\u0432\u043e\u0434 \u0444\u0440\u0430\u0437.", "price_policy": 2, "is_recommend": false, "image": "", "rating": 5, "tags": [9, 10, 11, 17], "categories": [], "languages": [1]}}, {"model": "english.site", "pk": 56, "fields": {"link": "http://www.urbandictionary.com", "name": "Urban Dictionary", "description": "\u0421\u043b\u043e\u0432\u0430\u0440\u044c \u0430\u043d\u0433\u043b\u0438\u0439\u0441\u043a\u043e\u0433\u043e \u0441\u043b\u0435\u043d\u0433\u0430. \u0414\u043e\u0432\u043e\u043b\u044c\u043d\u043e \u043f\u043e\u043b\u0435\u0437\u043d\u0430\u044f \u0448\u0442\u0443\u043a\u0430, \u043e\u0447\u0435\u043d\u044c \u043f\u043e\u043c\u043e\u0433\u0430\u0435\u0442 \u043f\u0440\u0438 \u0436\u0438\u0432\u043e\u043c \u043e\u0431\u0449\u0435\u043d\u0438\u0438 \u0441 \u043d\u043e\u0441\u0438\u0442\u0435\u043b\u044f\u043c\u0438 \u044f\u0437\u044b\u043a\u0430.", "price_policy": 2, "is_recommend": false, "image": "", "rating": 5, "tags": [9, 10, 11, 13, 17], "categories": [], "languages": [1]}}]